id,name,lat,lng,address
1,蘇媽媽湯圓,23.9669000,120.9696000,南投縣埔里鎮中山路三段118號
2,李仔哥爌肉飯,23.9723000,120.9665000,南投縣埔里鎮信義路326號
3,就要醬滷四川滷味 (埔里店),23.9682043,120.9703656,(△)南投縣埔里鎮北環路104號
4,就要醬滷四川滷味 (埔里店),23.9682043,120.9703656,(△)南投縣埔里鎮北環路104號
5,就要醬滷四川滷味 (埔里店),23.9682043,120.9703656,(△)南投縣埔里鎮北環路104號
6,就要醬滷四川滷味 (埔里店),23.9682043,120.9703656,(△)南投縣埔里鎮北環路104號
13,呷尚寶 (埔里店),23.9686608,120.9696661,(△)南投縣埔里鎮北環路137號
14,麥味登 (埔里東榮店),23.9649799,120.9689179,(O)南投縣埔里鎮東門里東榮路175號1樓
15,JULU Cafe (鉅鹿咖啡館),23.9646523,120.9687005,(△) 南投縣埔里鎮東榮路155號
16,崎下粥鋪(創始店),23.9576629,120.9743563,(△)南投縣埔里鎮東興二街157號
17,丞星雞肉飯專門店,23.9673305,120.9697177,(△)南投縣埔里鎮中山路二段229號
18,阿Q廚房-精緻便當,23.9691722,120.9733253,(△)南投縣埔里鎮中華路185號
19,八曜和茶 (南投埔里忠孝店),23.9623311,120.9700543,(O)南投縣埔里鎮忠孝路125之1號
20,50嵐 (埔里中正店),23.9645929,120.9681489,(O)南投縣埔里鎮東門里中正路384號1樓
21,埔里太祖魷魚羹,23.9675245,120.9628697,(△)南投縣埔里鎮南昌街268號
23,go呷麵食館,23.9709287,120.9753392,(△)南投縣埔里鎮中山路二段34號
24,老二豬腳飯,23.9582558,120.9729460,(△)南投縣埔里鎮中正路187-1號
25,樂卓手搖飲,23.9666793,120.9657656,(△)南投縣埔里鎮中正路466號
26,蘇手工蛋餅,23.9729009,120.9517148,(△) 南投縣埔里鎮大城路204號
27,肯德基KFC炸雞漢堡店 (南投埔里店),23.9638394,120.9689263,(X)南投縣埔里鎮中正路340號
28,36酵母鬆餅/姜有種咖啡,23.9598870,120.9701060,(△) 南投縣埔里鎮南興街9之16號
29,早點名飯糰,23.9671150,120.9715400,"(△)南投縣 埔里鎮 北環路 72, Taiwan"
30,可不可熟成茶行 (南投埔里店),23.9645205,120.9680336,(O)南投縣埔里鎮中正路377號
31,得正 OOLONG TEA PROJECT (埔里中正計劃),23.9639776,120.9687767,(O)南投縣埔里鎮中正路352號
33,秉峰鍋燒店 (南投埔里店),23.9625221,120.9703049,(△)南投縣埔里鎮中正路288號
34,嘟嘟菜頭粿膳食坊,23.9621747,120.9661925,(△)南投縣埔里鎮同聲里南興街163號
35,製飯糰 (埔里店),23.9607964,120.9683350,(△)南投縣埔里鎮忠孝路6號
36,南興街轉角西瓜汁專賣,23.9629681,120.9650483,(△)南投縣埔里鎮南興街219號
37,傻師傅湯包 (南投埔里店),23.9673996,120.9680023,(△) 南投縣埔里鎮西安路一段189-2號
38,呷尚宝 (埔里仁愛店),23.9670243,120.9639583,(△)南投縣埔里鎮南昌街248號
39,黑肉麵,23.9693645,120.9558604,(△) 南投縣埔里鎮中山路三段354號
40,紅茶帝國 (埔里中正店),23.9631851,120.9694405,(△)南投縣埔里鎮中正路322號
41,STARBUCKS 星巴克 (埔里門市),23.9684406,120.9587983,(X)南投縣埔里鎮中山路三段245號
42,十二韻 (埔里中正店),23.9636962,120.9689193,(O)南投縣埔里鎮中正路335號
43,85度C (埔里中正店),23.9623421,120.9702867,(O)南投縣埔里鎮中正路275-2號
44,喬治派克 (埔里中正店),23.9644756,120.9680817,(O) 南投縣埔里鎮中正路386號
45,大苑子 (埔里店),23.9655825,120.9678222,(O) 南投縣埔里鎮中山路二段291號
47,早安美芝城 (埔里中正概念店),23.9668960,120.9655373,(△)南投縣埔里鎮中正路470之2號
48,晨間廚房 (埔里北環店),23.9683342,120.9701317,(△) 南投縣埔里鎮北環路109號
50,振松記米粉,23.9678766,120.9609200,(△) 南投縣埔里鎮中山路三段215號
51,歐浮找餐 (埔里中山店),23.9660412,120.9681041,(O)南投縣埔里鎮北門里中山路二段280號1樓
52,拉亞漢堡 (埔里南安店),23.9668377,120.9536593,(△)南投縣埔里鎮大城里安七街87號1樓
53,樸樂咖啡 (埔里南昌店),23.9649737,120.9662217,(O)南投縣埔里鎮南昌街162號
54,鍋去啃 (南投埔里店),23.9673006,120.9634587,(△)南投縣埔里鎮薰化里南昌街271號
55,迷客夏 Milksha (南投埔里店),23.9638447,120.9687012,(O) 南投縣埔里鎮中正路351號
56,鶴茶樓 (南投埔里店),23.9642530,120.9683661,(O)南投縣埔里鎮中正路372號
57,329巷紅茶冰 (中山店),23.9684701,120.9713325,(△)南投縣埔里鎮中山路二段154號
58,真香雞肉飯,23.9728667,120.9758518,(△)南投縣埔里鎮和平東路539號
59,卓仔爌肉飯,23.9703544,120.9543700,(△) 南投縣埔里鎮信義路1105號
60,尚好佳平價快炒,23.9663024,120.9647083,(△)南投縣埔里鎮南昌街214號
61,好煮藝麵館,23.9708861,120.9753760,(△)南投縣埔里鎮明德二巷1號 (友緣小吃)
62,ㄠㄠ手作茶 (南投埔里總店),23.9658282,120.9741354,(△)南投縣埔里鎮中華路37號
63,麥當勞 (S303 埔里信義店),23.9710660,120.9567385,(X)南投縣埔里鎮信義路1037號1樓
64,小仁泉極品豆漿 (埔里忠孝店),23.9623897,120.9698846,(△)南投縣埔里鎮忠孝路126-2號
65,九丹煮奶 (埔里中正店),23.9620339,120.9706367,(△)南投縣埔里鎮中正路268之1號
66,蒸食廚藝,23.9672833,120.9678511,(△)南投縣埔里鎮西安路一段140號 (傻師父湯包）
67,華圓池上飯包 (埔里中正店),23.9630912,120.9696023,(O)南投縣埔里鎮中正路314號
68,名家咖啡,23.9688825,120.9694461,(△) 南投縣埔里鎮北環路134號
69,默娘早午餐,23.9668149,120.9711036,(△)南投縣埔里鎮東榮路272-6號
71,九州鍋燒店,23.9602747,120.9790644,(△)南投縣埔里鎮中心路9之26號
72,梁社漢排骨 (南投埔里店),23.9636486,120.9645592,(O)南投縣埔里鎮南興街262號
73,城市漢堡 (埔里成功店),23.9683230,120.9587885,(△) 南投縣埔里鎮中山路三段257號
74,張素食早點,23.9667179,120.9741729,(△) 南投縣埔里鎮中華路132號
75,劉妹鍋燒意麵 (埔里西安店),23.9673983,120.9679728,(△)南投縣埔里鎮西安路一段189-3號
77,A-bao (埔里北環店),23.9683606,120.9700983,(△) 南投縣埔里鎮北環路110號
78,東池池上飯包 (南投埔里店),23.9685449,120.9646180,(△)南投縣埔里鎮仁愛路168號
79,晨曦早午餐,23.9570341,120.9753586,(△)南投縣埔里鎮慈恩街35號
80,拉娃廚房,23.9635798,120.9673370,(△)南投縣埔里鎮東榮路99號
81,食尚家,23.9673409,120.9680139,(△) 南投縣埔里鎮西安路一段189-2號
82,巨林美而美 (南投埔里店),23.9711203,120.9680090,(△)南投縣埔里鎮北環路246巷22號
83,好初麵線,23.9637343,120.9686152,(△)南投縣埔里鎮中正路347號
84,八方雲集 (南投埔里店),23.9675575,120.9623068,(O)南投縣埔里鎮薰化里南昌街317號
86,源士林粥品 (南投埔里店),23.9639996,120.9685354,(△) 南投縣埔里鎮中正路356號
87,友緣小吃,23.9708719,120.9754355,(△)南投縣埔里鎮明德二巷一號
88,珍煮丹 (南投埔里店),23.9685801,120.9584877,(O)南投縣埔里鎮中山路三段267號
89,吉得堡早餐,23.9697359,120.9687463,(△)南投縣埔里鎮北門里北環路182之1號
90,晨食糧心炭火肉蛋吐司店,23.9705892,120.9499404,(△)南投縣埔里鎮中山路三段593號
92,清心福全 (埔里中正店),23.9657172,120.9679967,(O)南投縣埔里鎮中山路二段283號1樓
94,輕晨早午餐,23.9597856,120.9715709,(△)南投縣埔里鎮南興街3-2號
95,吳家紅茶冰 (埔里忠孝店),23.9636013,120.9713760,(△)南投縣埔里鎮東門里011鄰忠孝路188號
96,蒸蒸日上,23.9617010,120.9768560,(△)南投縣埔里鎮青田二街80號
97,龍吟古早味飲品專賣,23.9659004,120.9739990,(△) 南投縣埔里鎮中華路43號
98,香橙坊,23.9640413,120.9659762,(△) 南投縣埔里鎮中山路二段371號
99,Louisa 路易莎 (埔里酒廠店),23.9678748,120.9604605,(O)南投縣埔里鎮中山路三段219號
100,呷潤餅 (南昌店),23.9635405,120.9677268,(△)南投縣埔里鎮南昌街106號
101,南光排肉飯 (南興店),23.9615927,120.9666837,(△) 南投縣埔里鎮南興街131號
102,弘爺漢堡 (南投千金店),23.9652238,120.9753699,(△) 南投縣埔里鎮忠孝路337號
104,江媽媽蘿蔔糕炸粿,23.9630197,120.9668849,(△)南投縣埔里鎮東榮路72號
105,幸福餐館,23.9654876,120.9731093,(△)南投縣埔里鎮北環路3號
106,嘉義火雞肉飯 (埔里仁愛店),23.9673915,120.9638837,(△) 南投縣埔里鎮仁愛路1號
107,TEATOP 第一味 (埔里南昌店),23.9675215,120.9624914,(O) 南投縣埔里鎮南昌街313號
108,後壁厝,23.9699037,120.9659815,(△) 埔里鎮仁愛路275號
110,王哥擴肉飯,23.9638607,120.9715870,(△)南投縣埔里鎮忠孝路173之2號
